,1
0,йNйNйNй
1,시바다
2,training arc
3,공자도아침은선다
4,군고구마초록매실
5,Unbreakable MlND
6,가야지반드시
7,댄스 야스오
8,takutea
9,고춘맘1
10,가락이엄마
11,DEL_1210182749229186018
12,injbglpjrrgsgvc
13,몽키게임
14,그 챔프 왜 함
15,봇유기하면큰결심
16,크세로의 검
17,CLCL fans
18,하나이치
19,5vs5 game
20,캣맘식카이팅
21,스스로일어나기
22,iibukii
23,작살 든 민지
24,OCE Diamond4
25,EDG DEFT
26,고속도로 로망쓰
27,lelking
28,새우잠을자더라도고래꿈을꾸어라
29,meijuheibang
30,danqiuwukuiwoxin
31,zddzz
32,마음이평안해지길
33,브리슬할계요
34,축구킹손흥민
35,구면상
36,서 미 오
37,arpeh
38,알파카Deft
39,주운태
40,최애의 케인
41,5계절24달
42,MPDYH
43,페 르 네 포 네
44,첫경험은소중해
45,렉이슈
46,qwerqwerzxc
47,미련한사랑김동욱
48,정다희사랑해
49,emotionaI
50,Xiaocan
51,ScreamY0Y
52,Heroic Jayce
53,Migungg
54,영일고 김동진
55,너진짜죽지좀마라
56,southdragon
57,잉뚜 정글계정
58,후수니
59,kiйg of mid jug
60,달 콤 잼
61,솔로만보이는닉
62,금붕어
63,강해율
64,당수당수
65,왕 자
66,달의 요정 세미
67,최미뇽
68,햄 쬬
69,2choco
70,스즈메에게
71,BAD AND SAD MAD
72,big head shich
73,망가져
74,seyxxn
75,YouOn99
76,팀지면 안할란다
77,안산호스트에이스
78,We The North
79,йAD
80,06년생 도윤
81,ruber ovis
82,세 소수의 합
83,World Is Yours
84,kytsch
85,병점동페미도살자
86,lllIIIIIlIll
87,T1 Nice
88,사려1
89,혁준공주
90,상냥해 좋아해
91,ni zhen me ku le
92,Song Cry And
93,play like me
94,쫄깃쫄깃오동동동
95,먹잇감 사냥꾼
96,깜 프
97,쓰레기통입니다
98,백 현
99,nothingtohappy
